{
    "input_dir": "/shares/mgehan_share/kmurphy/thermal/03112022/csv_files/thermal",
    "json": "/shares/mgehan_share/kmurphy/thermal/03112022/results/results.json",
    "filename_metadata": [
        "other",
        "other"
    ],
    "workflow": "/shares/mgehan_share/kmurphy/thermal/03112022/workflows/thermal_main_workflow_EDIT.py",
    "img_outdir": "/shares/mgehan_share/kmurphy/thermal/03112022/results/img_output",
    "tmp_dir": "/shares/mgehan_share/kmurphy/thermal/03112022/Delete/registration_thermal_analysis",
    "start_date": null,
    "end_date": null,
    "imgformat": "csv",
    "delimiter": "(.{4})(\\d{4})",
    "metadata_filters": {},
    "writeimg": true,
    "other_args": [],
    "coprocess": null,
    "cleanup": true,
    "append": false,
    "cluster": "HTCondorCluster",
    "cluster_config": {
        "n_workers": 16,
        "cores": 1,
        "memory": "1GB",
        "disk": "1GB",
        "log_directory": "/shares/mgehan_share/kmurphy/thermal/03112022/Delete/log",
        "local_directory": "$_CONDOR_SCRATCH_DIR",
        "job_extra": {
            "getenv": "true"
        }
    },
    "metadata_terms": {
        "camera": {
            "label": "camera identifier",
            "datatype": "<class 'str'>",
            "value": "none"
        },
        "imgtype": {
            "label": "image type",
            "datatype": "<class 'str'>",
            "value": "none"
        },
        "zoom": {
            "label": "camera zoom setting",
            "datatype": "<class 'str'>",
            "value": "none"
        },
        "exposure": {
            "label": "camera exposure setting",
            "datatype": "<class 'str'>",
            "value": "none"
        },
        "gain": {
            "label": "camera gain setting",
            "datatype": "<class 'str'>",
            "value": "none"
        },
        "frame": {
            "label": "image series frame identifier",
            "datatype": "<class 'str'>",
            "value": "none"
        },
        "lifter": {
            "label": "imaging platform height setting",
            "datatype": "<class 'str'>",
            "value": "none"
        },
        "timestamp": {
            "label": "datetime of image",
            "datatype": "<class 'datetime.datetime'>",
            "value": null
        },
        "id": {
            "label": "image identifier",
            "datatype": "<class 'str'>",
            "value": "none"
        },
        "plantbarcode": {
            "label": "plant barcode identifier",
            "datatype": "<class 'str'>",
            "value": "none"
        },
        "treatment": {
            "label": "treatment identifier",
            "datatype": "<class 'str'>",
            "value": "none"
        },
        "cartag": {
            "label": "plant carrier identifier",
            "datatype": "<class 'str'>",
            "value": "none"
        },
        "measurementlabel": {
            "label": "experiment identifier",
            "datatype": "<class 'str'>",
            "value": "none"
        },
        "other": {
            "label": "other identifier",
            "datatype": "<class 'str'>",
            "value": "none"
        }
    }
}
