{
    "input_dir": "/shares/mgehan_share/raw_data/raw_image/Katie_cropreporter/11012021_RAW_DATA",
    "json": "/shares/mgehan_share/kmurphy/crop_reporter_2/11012021_Nt_heat/jsonfiles/11012021_results.json",
    "filename_metadata": ["camera","imgtype", "zoom","other","measurementlabel", "treatment","id"],
    "workflow": "/shares/mgehan_share/kmurphy/crop_reporter_2/notebooks_py/08202021_Nt_CR.py",
    "img_outdir": "/shares/mgehan_share/kmurphy/crop_reporter_2/11012021_Nt_heat/output_images_top",
    "tmp_dir": ".",
    "start_date": null,
    "end_date": null,
    "imgformat": "INF",
    "delimiter": "_",
    "metadata_filters": {},
    "timestampformat":"%m-%d-%Y",
    "writeimg": true,
    "other_args": [],
    "coprocess": null,
    "cleanup": true,
    "append": true,
    "cluster": "HTCondorCluster",
    "cluster_config": {
        "n_workers": 10,
        "cores": 1,
        "memory": "1GB",
        "disk": "1GB",
        "local_directory": "$_CONDOR_SCRATCH_DIR",
        "log_directory": "logs",
        "job_extra": {"getenv": "true"}
    },
    "metadata_terms": {
        "camera": {
            "label": "camera identifier",
            "datatype": "<class 'str'>",
            "value": "none"
        },
        "imgtype": {
            "label": "image type",
            "datatype": "<class 'str'>",
            "value": "none"
        },
        "zoom": {
            "label": "camera zoom setting",
            "datatype": "<class 'str'>",
            "value": "none"
        },
        "exposure": {
            "label": "camera exposure setting",
            "datatype": "<class 'str'>",
            "value": "none"
        },
        "gain": {
            "label": "camera gain setting",
            "datatype": "<class 'str'>",
            "value": "none"
        },
        "frame": {
            "label": "image series frame identifier",
            "datatype": "<class 'str'>",
            "value": "none"
        },
        "lifter": {
            "label": "imaging platform height setting",
            "datatype": "<class 'str'>",
            "value": "none"
        },
        "timestamp": {
            "label": "datetime of image",
            "datatype": "<class 'datetime.datetime'>",
            "value": null
        },
        "id": {
            "label": "image identifier",
            "datatype": "<class 'str'>",
            "value": "none"
        },
        "plantbarcode": {
            "label": "plant barcode identifier",
            "datatype": "<class 'str'>",
            "value": "none"
        },
        "treatment": {
            "label": "treatment identifier",
            "datatype": "<class 'str'>",
            "value": "none"
        },
        "cartag": {
            "label": "plant carrier identifier",
            "datatype": "<class 'str'>",
            "value": "none"
        },
        "measurementlabel": {
            "label": "experiment identifier",
            "datatype": "<class 'str'>",
            "value": "none"
        },
        "other": {
            "label": "other identifier",
            "datatype": "<class 'str'>",
            "value": "none"
        }
    }
}